ID,User,Number,Template,Message,Response,Date
44,1,6283161366736,0,Manual,{,"{""reason"": ""request invalid on disconnected device"", ""requestid"": 251408085, ""status"": false}",2025-12-01 16:55:11,dika
43,1,6283161366736,0,Manual,{,"{""reason"": ""request invalid on disconnected device"", ""requestid"": 251407605, ""status"": false}",2025-12-01 16:54:37,dika
42,1,6283161366736,0,Manual,{,"{""reason"": ""request invalid on disconnected device"", ""requestid"": 251406203, ""status"": false}",2025-12-01 16:52:29,dika
41,1,6283161366736,0,Manual,{,"{""reason"": ""request invalid on disconnected device"", ""requestid"": 251196737, ""status"": false}",2025-12-01 14:26:07,dika
40,1,628990465043,0,Manual,{,"{""detail"": ""success! message in queue"", ""id"": [133317765], ""process"": ""pending"", ""quota"": {""6283171062454"": {""details"": ""deduced from total quota"", ""quota"": 996, ""remaining"": 995, ""used"": 1}}, ""requestid"": 251196164, ""status"": true, ""target"": [""628990465043""]}",2025-12-01 14:25:52,dika
39,1,6285789824076,0,Manual,{,"{""detail"": ""success! message in queue"", ""id"": [133317750], ""process"": ""pending"", ""quota"": {""6283171062454"": {""details"": ""deduced from total quota"", ""quota"": 998, ""remaining"": 997, ""used"": 1}}, ""requestid"": 251195701, ""status"": true, ""target"": [""6285789824076""]}",2025-12-01 14:25:38,dika
38,1,6285205056968,0,Manual,{,"{""detail"": ""success! message in queue"", ""id"": [133317721], ""process"": ""pending"", ""quota"": {""6283171062454"": {""details"": ""deduced from total quota"", ""quota"": 999, ""remaining"": 998, ""used"": 1}}, ""requestid"": 251195070, ""status"": true, ""target"": [""6285205056968""]}",2025-12-01 14:25:23,dika
37,1,6283891006431,0,Manual,{,"{""reason"": ""request invalid on disconnected device"", ""requestid"": 251194041, ""status"": false}",2025-12-01 14:25:09,dika
36,1,6285781105424,0,Manual,{,"{""reason"": ""request invalid on disconnected device"", ""requestid"": 251193753, ""status"": false}",2025-12-01 14:24:54,dika
35,1,6282243681890,0,Manual,{,"{""reason"": ""request invalid on disconnected device"", ""requestid"": 251193722, ""status"": false}",2025-12-01 14:24:40,dika
34,1,6282312914073,0,Manual,{,"{""reason"": ""request invalid on disconnected device"", ""requestid"": 251193591, ""status"": false}",2025-12-01 14:24:26,dika
33,1,6289516654649,0,Manual,{,"{""reason"": ""request invalid on disconnected device"", ""requestid"": 251193208, ""status"": false}",2025-12-01 14:24:12,dika
32,1,6282128171207,0,Manual,{,"{""reason"": ""request invalid on disconnected device"", ""requestid"": 251192716, ""status"": false}",2025-12-01 14:23:57,dika
31,1,6283161366736,0,Manual,{,"{""reason"": ""request invalid on disconnected device"", ""requestid"": 248734754, ""status"": false}",2025-11-30 16:28:31,dika
30,1,6283161366736,0,Manual,{,"{""reason"": ""request invalid on disconnected device"", ""requestid"": 248733235, ""status"": false}",2025-11-30 16:26:36,dika
29,1,6283161366736,0,Manual,{,"{""reason"": ""request invalid on disconnected device"", ""requestid"": 248732558, ""status"": false}",2025-11-30 16:26:19,dika
28,1,6283161366736,0,Manual,{,"{""reason"": ""request invalid on disconnected device"", ""requestid"": 248727192, ""status"": false}",2025-11-30 16:22:23,dika
27,1,6285830107016,0,Manual,"JACKPOT CEPAT✅
KHUSUS KAMU YG TERPILIH DI SITUS *JABLAY123*✅
TOP UP SEKARANG DAN DAPATKAN HADIAH
KHUSUS BUAT KAMU HARI INI TEMAN.🥰

Kirim ID KAMU : *[[fullname]]*
INGAT KIRIM BUKTI TRANSFER YA
SALAM JACKPOT 🤝
SELALU TRANSFER KE REK YG TERDAFTAR DI SITUS YA
","{""reason"": ""request invalid on disconnected device"", ""requestid"": 248585307, ""status"": false}",2025-11-30 14:40:22,dika
26,1,6283161366736,0,Manual,"JACKPOT CEPAT✅
KHUSUS KAMU YG TERPILIH DI SITUS *JABLAY123*✅
TOP UP SEKARANG DAN DAPATKAN HADIAH
KHUSUS BUAT KAMU HARI INI TEMAN.🥰

Kirim ID KAMU : *[[fullname]]*
INGAT KIRIM BUKTI TRANSFER YA
SALAM JACKPOT 🤝
SELALU TRANSFER KE REK YG TERDAFTAR DI SITUS YA
","{""reason"": ""request invalid on disconnected device"", ""requestid"": 248584468, ""status"": false}",2025-11-30 14:40:11,dika
25,1,6285789824076,0,Manual,"JACKPOT CEPAT✅
KHUSUS KAMU YG TERPILIH DI SITUS *JABLAY123*✅
TOP UP SEKARANG DAN DAPATKAN HADIAH
KHUSUS BUAT KAMU HARI INI TEMAN.🥰

Kirim ID KAMU : *[[fullname]]*
INGAT KIRIM BUKTI TRANSFER YA
SALAM JACKPOT 🤝
SELALU TRANSFER KE REK YG TERDAFTAR DI SITUS YA
","{""reason"": ""request invalid on disconnected device"", ""requestid"": 248583602, ""status"": false}",2025-11-30 14:40:00,dika
24,1,6285205056968,0,Manual,"JACKPOT CEPAT✅
KHUSUS KAMU YG TERPILIH DI SITUS *JABLAY123*✅
TOP UP SEKARANG DAN DAPATKAN HADIAH
KHUSUS BUAT KAMU HARI INI TEMAN.🥰

Kirim ID KAMU : *[[fullname]]*
INGAT KIRIM BUKTI TRANSFER YA
SALAM JACKPOT 🤝
SELALU TRANSFER KE REK YG TERDAFTAR DI SITUS YA
","{""reason"": ""request invalid on disconnected device"", ""requestid"": 248583584, ""status"": false}",2025-11-30 14:39:49,dika
23,1,6283891006431,0,Manual,"JACKPOT CEPAT✅
KHUSUS KAMU YG TERPILIH DI SITUS *JABLAY123*✅
TOP UP SEKARANG DAN DAPATKAN HADIAH
KHUSUS BUAT KAMU HARI INI TEMAN.🥰

Kirim ID KAMU : *[[fullname]]*
INGAT KIRIM BUKTI TRANSFER YA
SALAM JACKPOT 🤝
SELALU TRANSFER KE REK YG TERDAFTAR DI SITUS YA
","{""reason"": ""request invalid on disconnected device"", ""requestid"": 248583571, ""status"": false}",2025-11-30 14:39:38,dika
22,1,6285781105424,0,Manual,"JACKPOT CEPAT✅
KHUSUS KAMU YG TERPILIH DI SITUS *JABLAY123*✅
TOP UP SEKARANG DAN DAPATKAN HADIAH
KHUSUS BUAT KAMU HARI INI TEMAN.🥰

Kirim ID KAMU : *[[fullname]]*
INGAT KIRIM BUKTI TRANSFER YA
SALAM JACKPOT 🤝
SELALU TRANSFER KE REK YG TERDAFTAR DI SITUS YA
","{""reason"": ""request invalid on disconnected device"", ""requestid"": 248583532, ""status"": false}",2025-11-30 14:39:27,dika
21,1,6282243681890,0,Manual,"JACKPOT CEPAT✅
KHUSUS KAMU YG TERPILIH DI SITUS *JABLAY123*✅
TOP UP SEKARANG DAN DAPATKAN HADIAH
KHUSUS BUAT KAMU HARI INI TEMAN.🥰

Kirim ID KAMU : *[[fullname]]*
INGAT KIRIM BUKTI TRANSFER YA
SALAM JACKPOT 🤝
SELALU TRANSFER KE REK YG TERDAFTAR DI SITUS YA
","{""reason"": ""request invalid on disconnected device"", ""requestid"": 248583503, ""status"": false}",2025-11-30 14:39:15,dika
20,1,6282312914073,0,Manual,"JACKPOT CEPAT✅
KHUSUS KAMU YG TERPILIH DI SITUS *JABLAY123*✅
TOP UP SEKARANG DAN DAPATKAN HADIAH
KHUSUS BUAT KAMU HARI INI TEMAN.🥰

Kirim ID KAMU : *[[fullname]]*
INGAT KIRIM BUKTI TRANSFER YA
SALAM JACKPOT 🤝
SELALU TRANSFER KE REK YG TERDAFTAR DI SITUS YA
","{""reason"": ""request invalid on disconnected device"", ""requestid"": 248583134, ""status"": false}",2025-11-30 14:39:04,dika
19,1,6289516654649,0,Manual,"JACKPOT CEPAT✅
KHUSUS KAMU YG TERPILIH DI SITUS *JABLAY123*✅
TOP UP SEKARANG DAN DAPATKAN HADIAH
KHUSUS BUAT KAMU HARI INI TEMAN.🥰

Kirim ID KAMU : *[[fullname]]*
INGAT KIRIM BUKTI TRANSFER YA
SALAM JACKPOT 🤝
SELALU TRANSFER KE REK YG TERDAFTAR DI SITUS YA
","{""reason"": ""request invalid on disconnected device"", ""requestid"": 248583108, ""status"": false}",2025-11-30 14:38:53,dika
18,1,6282128171207,0,Manual,"JACKPOT CEPAT✅
KHUSUS KAMU YG TERPILIH DI SITUS *JABLAY123*✅
TOP UP SEKARANG DAN DAPATKAN HADIAH
KHUSUS BUAT KAMU HARI INI TEMAN.🥰

Kirim ID KAMU : *[[fullname]]*
INGAT KIRIM BUKTI TRANSFER YA
SALAM JACKPOT 🤝
SELALU TRANSFER KE REK YG TERDAFTAR DI SITUS YA
","{""reason"": ""request invalid on disconnected device"", ""requestid"": 248583090, ""status"": false}",2025-11-30 14:38:41,dika
17,1,6285704054667,0,Manual,"JACKPOT CEPAT✅
KHUSUS KAMU YG TERPILIH DI SITUS *JABLAY123*✅
TOP UP SEKARANG DAN DAPATKAN HADIAH
KHUSUS BUAT KAMU HARI INI TEMAN.🥰

Kirim ID KAMU : *[[fullname]]*
INGAT KIRIM BUKTI TRANSFER YA
SALAM JACKPOT 🤝
SELALU TRANSFER KE REK YG TERDAFTAR DI SITUS YA
","{""reason"": ""request invalid on disconnected device"", ""requestid"": 248583065, ""status"": false}",2025-11-30 14:38:30,dika
16,1,6282118340379,0,Manual,"JACKPOT CEPAT✅
KHUSUS KAMU YG TERPILIH DI SITUS *JABLAY123*✅
TOP UP SEKARANG DAN DAPATKAN HADIAH
KHUSUS BUAT KAMU HARI INI TEMAN.🥰

Kirim ID KAMU : *[[fullname]]*
INGAT KIRIM BUKTI TRANSFER YA
SALAM JACKPOT 🤝
SELALU TRANSFER KE REK YG TERDAFTAR DI SITUS YA
","{""reason"": ""request invalid on disconnected device"", ""requestid"": 248582908, ""status"": false}",2025-11-30 14:38:19,dika
15,1,6285244420321,0,Manual,"JACKPOT CEPAT✅
KHUSUS KAMU YG TERPILIH DI SITUS *JABLAY123*✅
TOP UP SEKARANG DAN DAPATKAN HADIAH
KHUSUS BUAT KAMU HARI INI TEMAN.🥰

Kirim ID KAMU : *[[fullname]]*
INGAT KIRIM BUKTI TRANSFER YA
SALAM JACKPOT 🤝
SELALU TRANSFER KE REK YG TERDAFTAR DI SITUS YA
","{""reason"": ""request invalid on disconnected device"", ""requestid"": 248582515, ""status"": false}",2025-11-30 14:38:08,dika
14,1,6281227713896,0,Manual,"JACKPOT CEPAT✅
KHUSUS KAMU YG TERPILIH DI SITUS *JABLAY123*✅
TOP UP SEKARANG DAN DAPATKAN HADIAH
KHUSUS BUAT KAMU HARI INI TEMAN.🥰

Kirim ID KAMU : *[[fullname]]*
INGAT KIRIM BUKTI TRANSFER YA
SALAM JACKPOT 🤝
SELALU TRANSFER KE REK YG TERDAFTAR DI SITUS YA
","{""reason"": ""request invalid on disconnected device"", ""requestid"": 248582171, ""status"": false}",2025-11-30 14:37:57,dika
13,1,6285822017334,0,Manual,"JACKPOT CEPAT✅
KHUSUS KAMU YG TERPILIH DI SITUS *JABLAY123*✅
TOP UP SEKARANG DAN DAPATKAN HADIAH
KHUSUS BUAT KAMU HARI INI TEMAN.🥰

Kirim ID KAMU : *[[fullname]]*
INGAT KIRIM BUKTI TRANSFER YA
SALAM JACKPOT 🤝
SELALU TRANSFER KE REK YG TERDAFTAR DI SITUS YA
","{""reason"": ""request invalid on disconnected device"", ""requestid"": 248582138, ""status"": false}",2025-11-30 14:37:46,dika
12,1,62895334597505,0,Manual,"JACKPOT CEPAT✅
KHUSUS KAMU YG TERPILIH DI SITUS *JABLAY123*✅
TOP UP SEKARANG DAN DAPATKAN HADIAH
KHUSUS BUAT KAMU HARI INI TEMAN.🥰

Kirim ID KAMU : *[[fullname]]*
INGAT KIRIM BUKTI TRANSFER YA
SALAM JACKPOT 🤝
SELALU TRANSFER KE REK YG TERDAFTAR DI SITUS YA
","{""reason"": ""request invalid on disconnected device"", ""requestid"": 248582126, ""status"": false}",2025-11-30 14:37:35,dika
11,1,6285775832980,0,Manual,"JACKPOT CEPAT✅
KHUSUS KAMU YG TERPILIH DI SITUS *JABLAY123*✅
TOP UP SEKARANG DAN DAPATKAN HADIAH
KHUSUS BUAT KAMU HARI INI TEMAN.🥰

Kirim ID KAMU : *[[fullname]]*
INGAT KIRIM BUKTI TRANSFER YA
SALAM JACKPOT 🤝
SELALU TRANSFER KE REK YG TERDAFTAR DI SITUS YA
","{""reason"": ""request invalid on disconnected device"", ""requestid"": 248582098, ""status"": false}",2025-11-30 14:37:24,dika
10,1,6281320689868,0,Manual,"JACKPOT CEPAT✅
KHUSUS KAMU YG TERPILIH DI SITUS *JABLAY123*✅
TOP UP SEKARANG DAN DAPATKAN HADIAH
KHUSUS BUAT KAMU HARI INI TEMAN.🥰

Kirim ID KAMU : *[[fullname]]*
INGAT KIRIM BUKTI TRANSFER YA
SALAM JACKPOT 🤝
SELALU TRANSFER KE REK YG TERDAFTAR DI SITUS YA
","{""reason"": ""request invalid on disconnected device"", ""requestid"": 248582074, ""status"": false}",2025-11-30 14:37:13,dika
9,1,6283153156429,0,Manual,"JACKPOT CEPAT✅
KHUSUS KAMU YG TERPILIH DI SITUS *JABLAY123*✅
TOP UP SEKARANG DAN DAPATKAN HADIAH
KHUSUS BUAT KAMU HARI INI TEMAN.🥰

Kirim ID KAMU : *[[fullname]]*
INGAT KIRIM BUKTI TRANSFER YA
SALAM JACKPOT 🤝
SELALU TRANSFER KE REK YG TERDAFTAR DI SITUS YA
","{""reason"": ""request invalid on disconnected device"", ""requestid"": 248581747, ""status"": false}",2025-11-30 14:37:02,dika
8,1,6281806788021,0,Manual,"JACKPOT CEPAT✅
KHUSUS KAMU YG TERPILIH DI SITUS *JABLAY123*✅
TOP UP SEKARANG DAN DAPATKAN HADIAH
KHUSUS BUAT KAMU HARI INI TEMAN.🥰

Kirim ID KAMU : *[[fullname]]*
INGAT KIRIM BUKTI TRANSFER YA
SALAM JACKPOT 🤝
SELALU TRANSFER KE REK YG TERDAFTAR DI SITUS YA
","{""detail"": ""success! message in queue"", ""id"": [133080206], ""process"": ""pending"", ""quota"": {""6283171062454"": {""details"": ""deduced from total quota"", ""quota"": 1000, ""remaining"": 999, ""used"": 1}}, ""requestid"": 248581722, ""status"": true, ""target"": [""6281806788021""]}",2025-11-30 14:36:51,dika
7,1,6285830107016,0,Manual,Test,"{""reason"": ""request invalid on disconnected device"", ""requestid"": 248498095, ""status"": false}",2025-11-30 13:37:24,dika
6,1,6285830107016,0,Manual,"JACKPOT CEPAT✅
KHUSUS KAMU YG TERPILIH DI SITUS *JABLAY123*✅
ISI SALDO SEKARANG DAN MENANG BESAR
KHUSUS BUAT KAMU HARI INI YA KAKAK.🥰

Kirim ID KAMU : *[[fullname]]*
JGN LUPA KIRIM BUKTI DEPONYA YA KAK
SALAM JACKPOT 🤝
SELALU TRANSFER KE REK YG TERDAFTAR DI SITUS YA
","{""reason"": ""request invalid on disconnected device"", ""requestid"": 248494203, ""status"": false}",2025-11-30 13:35:22,dika
5,1,6283161366736,0,Manual,"RAIH JACKPOT SEKARANG✅
KHUSUS KAMU YG TERPILIH DI SITUS *JABLAY123*✅
TOP UP SEKARANG DAN DAPATKAN HADIAH
KHUSUS BUAT KAMU HARI INI TEMAN.🥰

Kirim ID KAMU : *[[fullname]]*
PASTIKAN KIRIM BUKTI DEPOSIT
SALAM JACKPOT 🤝
SELALU TRANSFER KE REK YG TERDAFTAR DI SITUS YA
","{""reason"": ""request invalid on disconnected device"", ""requestid"": 248490760, ""status"": false}",2025-11-30 13:32:23,dika
4,1,6283161366736,0,Manual,"MENANG BESAR SEKARANG✅
KHUSUS KAMU YG TERPILIH DI SITUS *JABLAY123*✅
ISI SALDO SEKARANG DAN MENANG BESAR
KHUSUS BUAT KAMU HARI INI YA KAKAK.🥰

Kirim ID KAMU : *[[fullname]]*
JGN LUPA KIRIM BUKTI DEPONYA YA KAK
SALAM JACKPOT 🤝
TRANSFER HANYA KE REKENING TERDAFTAR
","{""reason"": ""request invalid on disconnected device"", ""requestid"": 248485490, ""status"": false}",2025-11-30 13:29:11,dika
3,1,6283161366736,0,Manual,"RAIH JACKPOT SEKARANG✅
KHUSUS KAMU YG TERPILIH DI SITUS *JABLAY123*✅
ISI SALDO SEKARANG DAN MENANG BESAR
KHUSUS BUAT KAMU HARI INI YA KAKAK.🥰

Kirim ID KAMU : *[[fullname]]*
PASTIKAN KIRIM BUKTI DEPOSIT
SALAM JACKPOT 🤝
TRANSFER HANYA KE REKENING TERDAFTAR
","{""reason"": ""request invalid on disconnected device"", ""requestid"": 248485250, ""status"": false}",2025-11-30 13:28:57,dika
2,1,6283161366736,0,Manual,"JACKPOT CEPAT✅
KHUSUS KAMU YG TERPILIH DI SITUS *JABLAY123*✅
ISI SALDO SEKARANG DAN MENANG BESAR
KHUSUS BUAT KAMU HARI INI TEMAN.🥰

Kirim ID KAMU : *[[fullname]]*
JGN LUPA KIRIM BUKTI DEPONYA YA KAK
SALAM JACKPOT 🤝
TRANSFER HANYA KE REKENING TERDAFTAR
","{""reason"": ""request invalid on disconnected device"", ""requestid"": 248485025, ""status"": false}",2025-11-30 13:28:37,dika
1,1,6283161366736,0,Manual,"RAIH JACKPOT SEKARANG✅
KHUSUS KAMU YG TERPILIH DI SITUS *JABLAY123*✅
DEPOSIT SEKARANG DAN AMBIL JACKPOT NYA
KHUSUS BUAT KAMU HARI INI YA KAKAK.🥰

Kirim ID KAMU : *[[fullname]]*
PASTIKAN KIRIM BUKTI DEPOSIT
SALAM JACKPOT 🤝
PASTIKAN TRANSFER KE REKENING RESMI
","{""status"": true, ""timestamp"": ""2025-11-30 20:24:47""}",2025-11-30 13:24:47,dika
